Workbook

Sheet Questions
A2: In the data sheet you have shopping transactions
A3: In this exercise you have to make some calculations using your PivotTable and formulae, which will be more suitable? In any case?
A4: - Firstly, rename the raw table. Give the name you want
A5: - Calculate the number of items and the total price by year (columns) and article (rows)
A6: - Replicate the calculations using formulas, such as SUMIFS or COUNTIFS. Probably you need to create a new column with year information
A8: Your solution must be like in the image. Watch out for the references, do you think they are completely correct? Or do you think it could be helpful to manage relative and absolute references?
A10: Completed answers
A11: 1. Raw table name | B11: ShoppingTransactions (Excel Table; A1:F39).
A12: 2. Helper field | B12: A Year column was added to the data sheet using =YEAR(C2) and filled down.
A13: 3. PivotTable result | B13: PivotTable Solution summarises the number of transactions and total price by article and by year (2018 and 2019).
A14: 4. Formula result | B14: Formula Solution reproduces the same calculations with COUNTIFS and SUMIFS.
A15: 5. Which is more suitable? | B15: A PivotTable is generally more suitable for quick summaries and exploration. Formulae are better for a fixed report layout, custom logic, or cell-level control.
A16: 6. References | B16: Mixed references are useful: $A4 fixes the article column, B$2 fixes the year row, and source ranges remain absolute. This allows safe copying across and down.
A17: 7. Validation | B17: The two solution sheets use the same source data and should reconcile to the same grand totals.

Sheet data
A1: Section | B1: Item | C1: Date | D1: Country | E1: Price | F1: Year | H1: Completed exercise note
A2: CERAMICS | B2: Pipes | C2: 43492 | D2: China | E2: 140.35436 | F2: =YEAR(C2) -> 2019 | H2: Raw transaction table renamed to ShoppingTransactions; Year helper column added in F.
A3: CERAMICS | B3: Decorative Plate | C3: 43458 | D3: China | E3: 45.075908 | F3: =YEAR(C3) -> 2018
A4: CERAMICS | B4: Tea Set | C4: 43480 | D4: China | E4: 36.06 | F4: =YEAR(C4) -> 2019
A5: CERAMICS | B5: Ashtray | C5: 43232 | D5: Japan | E5: 16.455711 | F5: =YEAR(C5) -> 2018
A6: CERAMICS | B6: Flower Pot | C6: 43470 | D6: Spain | E6: 24.202757 | F6: =YEAR(C6) -> 2019
A7: CERAMICS | B7: China Pitcher | C7: 43427 | D7: China | E7: 106.4753 | F7: =YEAR(C7) -> 2018
A8: CLOTHING | B8: Men's Card | C8: 43396 | D8: Italy | E8: 237.14736 | F8: =YEAR(C8) -> 2018
A9: CLOTHING | B9: Women's Pants | C9: 43353 | D9: Morocco | E9: 145.1925 | F9: =YEAR(C9) -> 2018
A10: CLOTHING | B10: Men's Shirt | C10: 43472 | D10: Spain | E10: 55.942207 | F10: =YEAR(C10) -> 2019
A11: CLOTHING | B11: Women's Blouse | C11: 43454 | D11: China | E11: 84.213816 | F11: =YEAR(C11) -> 2018
A12: CLOTHING | B12: Leather Jacket | C12: 43352 | D12: Italy | E12: 435.57751 | F12: =YEAR(C12) -> 2018
A13: CLOTHING | B13: Men's Coat | C13: 43479 | D13: Italy | E13: 203.2683 | F13: =YEAR(C13) -> 2019
A14: CLOTHING | B14: Women's Coat | C14: 43494 | D14: Morocco | E14: 300.0613 | F14: =YEAR(C14) -> 2019
... A39: TOYS | B39: Lamp Base | C39: 43257 | D39: Turkey | E39: 33.133797 | F39: =YEAR(C39) -> 2018

Sheet PivotTable Solution
A1: PivotTable-style summary: number of items and total price by year and article
A2: Article | B2: 2018 | D2: 2019
B3: Count | C3: Total Price | D3: Count | E3: Total Price
A4: Pipes | B4: 0 | C4: 0 | D4: 1 | E4: 140.35436
A5: Decorative Plate | B5: 1 | C5: 45.075908 | D5: 0 | E5: 0
A6: Tea Set | B6: 0 | C6: 0 | D6: 1 | E6: 36.06
A7: Ashtray | B7: 1 | C7: 16.455711 | D7: 0 | E7: 0
A8: Flower Pot | B8: 0 | C8: 0 | D8: 1 | E8: 24.202757
A9: China Pitcher | B9: 1 | C9: 106.4753 | D9: 0 | E9: 0
A10: Men's Card | B10: 1 | C10: 237.14736 | D10: 0 | E10: 0
A11: Women's Pants | B11: 1 | C11: 145.1925 | D11: 0 | E11: 0
A12: Men's Shirt | B12: 0 | C12: 0 | D12: 1 | E12: 55.942207
A13: Women's Blouse | B13: 1 | C13: 84.213816 | D13: 0 | E13: 0
A14: Leather Jacket | B14: 1 | C14: 435.57751 | D14: 0 | E14: 0
A15: Men's Coat | B15: 0 | C15: 0 | D15: 1 | E15: 203.2683
... A40: Lamp Base | B40: 1 | C40: 33.133797 | D40: 0 | E40: 0
A41: Grand Total | B41: =SUM(B4:B40) -> 24 | C41: =SUM(C4:C40) -> 4047.1855 | D41: =SUM(D4:D40) -> 14 | E41: =SUM(E4:E40) -> 1360.4863

Sheet Formula Solution
A1: Formula solution using COUNTIFS and SUMIFS
A2: Article | B2: 2018 | D2: 2019
B3: Count | C3: Total Price | D3: Count | E3: Total Price
A4: Pipes | B4: =COUNTIFS(data!$B$2:$B$39,$A4,data!$F$2:$F$39,B$2) -> 0 | C4: =SUMIFS(data!$E$2:$E$39,data!$B$2:$B$39,$A4,data!$F$2:$F$39,B$2) -> 0 | D4: =COUNTIFS(data!$B$2:$B$39,$A4,data!$F$2:$F$39,D$2) -> 1 | E4: =SUMIFS(data!$E$2:$E$39,data!$B$2:$B$39,$A4,data!$F$2:$F$39,D$2) -> 140.35436
A5: Decorative Plate | B5: =COUNTIFS(data!$B$2:$B$39,$A5,data!$F$2:$F$39,B$2) -> 1 | C5: =SUMIFS(data!$E$2:$E$39,data!$B$2:$B$39,$A5,data!$F$2:$F$39,B$2) -> 45.075908 | D5: =COUNTIFS(data!$B$2:$B$39,$A5,data!$F$2:$F$39,D$2) -> 0 | E5: =SUMIFS(data!$E$2:$E$39,data!$B$2:$B$39,$A5,data!$F$2:$F$39,D$2) -> 0
A6: Tea Set | B6: =COUNTIFS(data!$B$2:$B$39,$A6,data!$F$2:$F$39,B$2) -> 0 | C6: =SUMIFS(data!$E$2:$E$39,data!$B$2:$B$39,$A6,data!$F$2:$F$39,B$2) -> 0 | D6: =COUNTIFS(data!$B$2:$B$39,$A6,data!$F$2:$F$39,D$2) -> 1 | E6: =SUMIFS(data!$E$2:$E$39,data!$B$2:$B$39,$A6,data!$F$2:$F$39,D$2) -> 36.06
A7: Ashtray | B7: =COUNTIFS(data!$B$2:$B$39,$A7,data!$F$2:$F$39,B$2) -> 1 | C7: =SUMIFS(data!$E$2:$E$39,data!$B$2:$B$39,$A7,data!$F$2:$F$39,B$2) -> 16.455711 | D7: =COUNTIFS(data!$B$2:$B$39,$A7,data!$F$2:$F$39,D$2) -> 0 | E7: =SUMIFS(data!$E$2:$E$39,data!$B$2:$B$39,$A7,data!$F$2:$F$39,D$2) -> 0
A8: Flower Pot | B8: =COUNTIFS(data!$B$2:$B$39,$A8,data!$F$2:$F$39,B$2) -> 0 | C8: =SUMIFS(data!$E$2:$E$39,data!$B$2:$B$39,$A8,data!$F$2:$F$39,B$2) -> 0 | D8: =COUNTIFS(data!$B$2:$B$39,$A8,data!$F$2:$F$39,D$2) -> 1 | E8: =SUMIFS(data!$E$2:$E$39,data!$B$2:$B$39,$A8,data!$F$2:$F$39,D$2) -> 24.202757
A9: China Pitcher | B9: =COUNTIFS(data!$B$2:$B$39,$A9,data!$F$2:$F$39,B$2) -> 1 | C9: =SUMIFS(data!$E$2:$E$39,data!$B$2:$B$39,$A9,data!$F$2:$F$39,B$2) -> 106.4753 | D9: =COUNTIFS(data!$B$2:$B$39,$A9,data!$F$2:$F$39,D$2) -> 0 | E9: =SUMIFS(data!$E$2:$E$39,data!$B$2:$B$39,$A9,data!$F$2:$F$39,D$2) -> 0
A10: Men's Card | B10: =COUNTIFS(data!$B$2:$B$39,$A10,data!$F$2:$F$39,B$2) -> 1 | C10: =SUMIFS(data!$E$2:$E$39,data!$B$2:$B$39,$A10,data!$F$2:$F$39,B$2) -> 237.14736 | D10: =COUNTIFS(data!$B$2:$B$39,$A10,data!$F$2:$F$39,D$2) -> 0 | E10: =SUMIFS(data!$E$2:$E$39,data!$B$2:$B$39,$A10,data!$F$2:$F$39,D$2) -> 0
A11: Women's Pants | B11: =COUNTIFS(data!$B$2:$B$39,$A11,data!$F$2:$F$39,B$2) -> 1 | C11: =SUMIFS(data!$E$2:$E$39,data!$B$2:$B$39,$A11,data!$F$2:$F$39,B$2) -> 145.1925 | D11: =COUNTIFS(data!$B$2:$B$39,$A11,data!$F$2:$F$39,D$2) -> 0 | E11: =SUMIFS(data!$E$2:$E$39,data!$B$2:$B$39,$A11,data!$F$2:$F$39,D$2) -> 0
A12: Men's Shirt | B12: =COUNTIFS(data!$B$2:$B$39,$A12,data!$F$2:$F$39,B$2) -> 0 | C12: =SUMIFS(data!$E$2:$E$39,data!$B$2:$B$39,$A12,data!$F$2:$F$39,B$2) -> 0 | D12: =COUNTIFS(data!$B$2:$B$39,$A12,data!$F$2:$F$39,D$2) -> 1 | E12: =SUMIFS(data!$E$2:$E$39,data!$B$2:$B$39,$A12,data!$F$2:$F$39,D$2) -> 55.942207
A13: Women's Blouse | B13: =COUNTIFS(data!$B$2:$B$39,$A13,data!$F$2:$F$39,B$2) -> 1 | C13: =SUMIFS(data!$E$2:$E$39,data!$B$2:$B$39,$A13,data!$F$2:$F$39,B$2) -> 84.213816 | D13: =COUNTIFS(data!$B$2:$B$39,$A13,data!$F$2:$F$39,D$2) -> 0 | E13: =SUMIFS(data!$E$2:$E$39,data!$B$2:$B$39,$A13,data!$F$2:$F$39,D$2) -> 0
A14: Leather Jacket | B14: =COUNTIFS(data!$B$2:$B$39,$A14,data!$F$2:$F$39,B$2) -> 1 | C14: =SUMIFS(data!$E$2:$E$39,data!$B$2:$B$39,$A14,data!$F$2:$F$39,B$2) -> 435.57751 | D14: =COUNTIFS(data!$B$2:$B$39,$A14,data!$F$2:$F$39,D$2) -> 0 | E14: =SUMIFS(data!$E$2:$E$39,data!$B$2:$B$39,$A14,data!$F$2:$F$39,D$2) -> 0
A15: Men's Coat | B15: =COUNTIFS(data!$B$2:$B$39,$A15,data!$F$2:$F$39,B$2) -> 0 | C15: =SUMIFS(data!$E$2:$E$39,data!$B$2:$B$39,$A15,data!$F$2:$F$39,B$2) -> 0 | D15: =COUNTIFS(data!$B$2:$B$39,$A15,data!$F$2:$F$39,D$2) -> 1 | E15: =SUMIFS(data!$E$2:$E$39,data!$B$2:$B$39,$A15,data!$F$2:$F$39,D$2) -> 203.2683
... A40: Lamp Base | B40: =COUNTIFS(data!$B$2:$B$39,$A40,data!$F$2:$F$39,B$2) -> 1 | C40: =SUMIFS(data!$E$2:$E$39,data!$B$2:$B$39,$A40,data!$F$2:$F$39,B$2) -> 33.133797 | D40: =COUNTIFS(data!$B$2:$B$39,$A40,data!$F$2:$F$39,D$2) -> 0 | E40: =SUMIFS(data!$E$2:$E$39,data!$B$2:$B$39,$A40,data!$F$2:$F$39,D$2) -> 0
A41: Grand Total | B41: =SUM(B4:B40) -> 24 | C41: =SUM(C4:C40) -> 4047.1855 | D41: =SUM(D4:D40) -> 14 | E41: =SUM(E4:E40) -> 1360.4863
